{"swagger":"2.0","info":{"title":"OpenWeather","description":"","version":"1.0"},"host":"api.openweathermap.org","basePath":"/","schemes":["https"],"consumes":[],"produces":[],"paths":{"/data/3.0/onecall":{"get":{"responses":{"default":{"description":"default","schema":{"type":"object","properties":{"lat":{"type":"number","format":"float","description":"lat"},"lon":{"type":"number","format":"float","description":"lon"},"timezone":{"type":"string","description":"timezone"},"timezone_offset":{"type":"integer","format":"int32","description":"timezone_offset"},"current":{"type":"object","properties":{"dt":{"type":"integer","format":"int32","description":"dt"},"sunrise":{"type":"integer","format":"int32","description":"sunrise"},"sunset":{"type":"integer","format":"int32","description":"sunset"},"temp":{"type":"number","format":"float","description":"temp"},"feels_like":{"type":"number","format":"float","description":"feels_like"},"pressure":{"type":"integer","format":"int32","description":"pressure"},"humidity":{"type":"integer","format":"int32","description":"humidity"},"dew_point":{"type":"number","format":"float","description":"dew_point"},"uvi":{"type":"integer","format":"int32","description":"uvi"},"clouds":{"type":"integer","format":"int32","description":"clouds"},"visibility":{"type":"integer","format":"int32","description":"visibility"},"wind_speed":{"type":"number","format":"float","description":"wind_speed"},"wind_deg":{"type":"integer","format":"int32","description":"wind_deg"},"wind_gust":{"type":"number","format":"float","description":"wind_gust"},"weather":{"type":"array","items":{"type":"object","properties":{"id":{"type":"integer","format":"int32","description":"id"},"main":{"type":"string","description":"main"},"description":{"type":"string","description":"description"},"icon":{"type":"string","description":"icon"}}},"description":"weather"}},"description":"current"},"minutely":{"type":"array","items":{"type":"object","properties":{"dt":{"type":"integer","format":"int32","description":"dt"},"precipitation":{"type":"integer","format":"int32","description":"precipitation"}}},"description":"minutely"},"daily":{"type":"array","items":{"type":"object","properties":{"dt":{"type":"integer","format":"int32","description":"dt"},"sunrise":{"type":"integer","format":"int32","description":"sunrise"},"sunset":{"type":"integer","format":"int32","description":"sunset"},"moonrise":{"type":"integer","format":"int32","description":"moonrise"},"moonset":{"type":"integer","format":"int32","description":"moonset"},"moon_phase":{"type":"number","format":"float","description":"moon_phase"},"temp":{"type":"object","properties":{"day":{"type":"number","format":"float","description":"day"},"min":{"type":"number","format":"float","description":"min"},"max":{"type":"number","format":"float","description":"max"},"night":{"type":"number","format":"float","description":"night"},"eve":{"type":"number","format":"float","description":"eve"},"morn":{"type":"number","format":"float","description":"morn"}},"description":"temp"},"feels_like":{"type":"object","properties":{"day":{"type":"number","format":"float","description":"day"},"night":{"type":"number","format":"float","description":"night"},"eve":{"type":"number","format":"float","description":"eve"},"morn":{"type":"number","format":"float","description":"morn"}},"description":"feels_like"},"pressure":{"type":"integer","format":"int32","description":"pressure"},"humidity":{"type":"integer","format":"int32","description":"humidity"},"dew_point":{"type":"number","format":"float","description":"dew_point"},"wind_speed":{"type":"number","format":"float","description":"wind_speed"},"wind_deg":{"type":"integer","format":"int32","description":"wind_deg"},"wind_gust":{"type":"number","format":"float","description":"wind_gust"},"weather":{"type":"array","items":{"type":"object","properties":{"id":{"type":"integer","format":"int32","description":"id"},"main":{"type":"string","description":"main"},"description":{"type":"string","description":"description"},"icon":{"type":"string","description":"icon"}}},"description":"weather"},"clouds":{"type":"integer","format":"int32","description":"clouds"},"pop":{"type":"number","format":"float","description":"pop"},"uvi":{"type":"integer","format":"int32","description":"uvi"},"rain":{"type":"number","format":"float","description":"rain"}}},"description":"daily"}}},"headers":{"Content-Type":{"description":"Content-Type","type":"string"},"Accept":{"description":"Accept","type":"string"}}}},"summary":"GetWeather8Days","operationId":"GetWeather","description":"get weather","parameters":[{"name":"lat","in":"query","required":false,"type":"number"},{"name":"lon","in":"query","required":false,"type":"number"},{"name":"exclude","in":"query","required":false,"type":"string"},{"name":"appid","in":"query","required":false,"type":"string"},{"name":"Content-Type","in":"header","required":false,"type":"string"},{"name":"Accept","in":"header","required":false,"type":"string"}]}}},"definitions":{},"parameters":{},"responses":{},"securityDefinitions":{"api_key":{"type":"apiKey","in":"header","name":"appid"}},"security":[],"tags":[]}