<ImportExportXml xmlns:xsi="http://www.w3.org/2001/XMLSchema-instance" OrganizationVersion="9.2.25012.174" OrganizationSchemaType="Standard" CRMServerServiceabilityVersion="9.2.25013.00188">
  <Entities></Entities>
  <Roles></Roles>
  <Workflows></Workflows>
  <FieldSecurityProfiles></FieldSecurityProfiles>
  <Templates />
  <EntityMaps />
  <EntityRelationships />
  <OrganizationSettings />
  <optionsets />
  <CustomControls />
  <EntityDataProviders />
  <CanvasApps>
    <CanvasApp>
      <Name>kk_desktopweatherapp_82645</Name>
      <AppVersion>2025-02-10T12:51:19Z</AppVersion>
      <Status>Ready</Status>
      <CreatedByClientVersion>3.25014.16.0</CreatedByClientVersion>
      <MinClientVersion>3.25014.16.0</MinClientVersion>
      <Tags>{"primaryDeviceWidth":"1366","primaryDeviceHeight":"768","supportsPortrait":"true","supportsLandscape":"true","primaryFormFactor":"Tablet","showStatusBar":"false","publisherVersion":"3.25014.16","minimumRequiredApiVersion":"2.2.0","hasComponent":"false","hasUnlockedComponent":"false","isUnifiedRootApp":"false","sienaVersion":"20250210T125119Z-3.25014.16.0"}</Tags>
      <IsCdsUpgraded>0</IsCdsUpgraded>
      <GalleryItemId xsi:nil="true"></GalleryItemId>
      <BackgroundColor>rgba(255, 255, 255, 1)</BackgroundColor>
      <DisplayName>Desktop - weather app</DisplayName>
      <Description xsi:nil="true"></Description>
      <CommitMessage xsi:nil="true"></CommitMessage>
      <Publisher xsi:nil="true"></Publisher>
      <AuthorizationReferences>[]</AuthorizationReferences>
      <ConnectionReferences>{"6abbaf5e-5411-4570-b127-4e9555c1a488":{"id":"/providers/microsoft.powerapps/apis/shared_office365users","displayName":"Office 365 Users","iconUri":"https://conn-afd-prod-endpoint-bmc9bqahasf3grgk.b01.azurefd.net/releases/v1.0.1718/1.0.1718.3951/office365users/icon.png","dataSources":["Office365Users"],"dependencies":[],"dependents":[],"parameterHints":{},"parameterHintsV2":{},"isOnPremiseConnection":false,"bypassConsent":false,"dataSets":{},"apiTier":"Standard","actions":["UserPhoto_V2"],"isCustomApiSolutionAware":false},"fb46c213-2438-4bf7-9c60-55a13c4f81e9":{"id":"/providers/microsoft.powerapps/apis/shared_openweather-5fbb6adbaf1ba2c576-5f6aa83c93401bba4a","displayName":"OpenWeather","iconUri":"https://az787822.vo.msecnd.net/defaulticons/api-dedicated.png","dataSources":["OpenWeather"],"dependencies":[],"dependents":[],"parameterHints":{},"parameterHintsV2":{},"isOnPremiseConnection":false,"bypassConsent":false,"dataSets":{},"apiTier":"Standard","actions":["GetWeather"],"customApiLogicalName":"kk_openweather","isCustomApiSolutionAware":true}}</ConnectionReferences>
      <DatabaseReferences>{}</DatabaseReferences>
      <AppComponents>[]</AppComponents>
      <AppComponentDependencies>[]</AppComponentDependencies>
      <CanConsumeAppPass>0</CanConsumeAppPass>
      <CanvasAppType>0</CanvasAppType>
      <BypassConsent>0</BypassConsent>
      <AdminControlBypassConsent>0</AdminControlBypassConsent>
      <EmbeddedApp xsi:nil="true"></EmbeddedApp>
      <IntroducedVersion>1.0</IntroducedVersion>
      <CdsDependencies>{"cdsdependencies":[{"logicalname":"kk_openweather","componenttype":372,"componenttypeplatformname":"connector"}]}</CdsDependencies>
      <IsCustomizable>1</IsCustomizable>
      <BackgroundImageUri>/CanvasApps/kk_desktopweatherapp_82645_BackgroundImageUri</BackgroundImageUri>
      <DocumentUri>/CanvasApps/kk_desktopweatherapp_82645_DocumentUri.msapp</DocumentUri>
      <AdditionalUris>
        <AdditionalUri>/CanvasApps/kk_desktopweatherapp_82645_AdditionalUris0_identity.json</AdditionalUri>
      </AdditionalUris>
    </CanvasApp>
  </CanvasApps>
  <Connectors>
    <Connector>
      <connectorid>cd0c2078-215f-4856-aeb6-61cab55b5a35</connectorid>
      <description></description>
      <displayname>OpenWeather</displayname>
      <iconbrandcolor>#007ee5</iconbrandcolor>
      <name>kk_openweather</name>
      <connectortype>1</connectortype>
      <openapidefinition>/Connector/kk_openweather_openapidefinition.json</openapidefinition>
      <connectionparameters>/Connector/kk_openweather_connectionparameters.json</connectionparameters>
      <policytemplateinstances>/Connector/kk_openweather_policytemplateinstances.json</policytemplateinstances>
      <iconblob>/Connector/kk_openweather_iconblob.Png</iconblob>
    </Connector>
  </Connectors>
  <Languages>
    <Language>1033</Language>
  </Languages>
</ImportExportXml>